,ID,Genome_Length
0,Myco_193,59815
1,Myco_192,52233
2,Myco_1252,68523
3,Myco_625,52091
4,Myco_624,48424
5,Myco_627,41752
6,Myco_626,51083
7,Myco_621,57955
8,Myco_620,68856
9,Myco_623,68591
10,Myco_622,52823
11,Myco_1254,47229
12,Myco_629,50841
13,Myco_628,50574
14,Myco_1255,68293
15,Myco_195,59179
16,Myco_194,110636
17,Myco_399,60463
18,Myco_398,51379
19,Myco_395,52724
20,Myco_394,56827
21,Myco_397,56461
22,Myco_396,51621
23,Myco_391,53432
24,Myco_390,61594
25,Myco_393,51547
26,Myco_392,51303
27,Myco_719,71538
28,Myco_718,71061
29,Myco_1407,53483
30,Myco_1406,56719
31,Myco_1401,75565
32,Myco_1400,57789
33,Myco_1403,52521
34,Myco_1402,153894
35,Myco_711,51440
36,Myco_710,53317
37,Myco_713,49156
38,Myco_712,38341
39,Myco_715,51017
40,Myco_714,75668
41,Myco_717,69897
42,Myco_716,69082
43,Myco_571,51372
44,Myco_570,42396
45,Myco_573,75383
46,Myco_572,50350
47,Myco_575,67949
48,Myco_574,154474
49,Myco_577,51904
50,Myco_576,51376
51,Myco_579,90460
52,Myco_578,71650
53,Myco_1319,50075
54,Myco_1318,52833
55,Myco_1311,50077
56,Myco_1310,56692
57,Myco_1313,58666
58,Myco_1312,68406
59,Myco_1315,58758
60,Myco_1314,64824
61,Myco_1317,51393
62,Myco_1316,58397
63,Myco_409,57797
64,Myco_408,153582
65,Myco_159,42392
66,Myco_158,53136
67,Myco_157,51083
68,Myco_156,51236
69,Myco_155,59708
70,Myco_154,60746
71,Myco_153,60494
72,Myco_152,59906
73,Myco_151,51702
74,Myco_150,53220
75,Myco_889,51370
76,Myco_888,68324
77,Myco_881,59282
78,Myco_880,60143
79,Myco_883,73453
80,Myco_882,66507
81,Myco_885,69037
82,Myco_884,68921
83,Myco_887,62515
84,Myco_886,68664
85,Myco_1074,84303
86,Myco_1075,50505
87,Myco_1076,75617
88,Myco_1077,48545
89,Myco_1070,75605
90,Myco_1071,51372
91,Myco_1072,68791
92,Myco_1073,50988
93,Myco_1078,48228
94,Myco_1079,58065
95,Myco_1272,136361
96,Myco_1273,41901
97,Myco_1270,44872
98,Myco_1271,48024
99,Myco_1276,53636
100,Myco_1277,74711
101,Myco_1274,67906
102,Myco_1275,68873
103,Myco_1278,68375
104,Myco_1279,155060
105,Myco_979,58129
106,Myco_978,49186
107,Myco_975,156170
108,Myco_974,76023
109,Myco_977,57001
110,Myco_976,47612
111,Myco_971,68807
112,Myco_970,53199
113,Myco_973,51040
114,Myco_972,68479
115,Myco_1098,69321
116,Myco_1099,155256
117,Myco_1092,60055
118,Myco_1093,50514
119,Myco_1090,57701
120,Myco_1091,68494
121,Myco_1096,53425
122,Myco_1097,51594
123,Myco_1094,76419
124,Myco_1095,164602
125,Myco_1409,156319
126,Myco_1678,73784
127,Myco_1679,60526
128,Myco_1676,49158
129,Myco_1677,53043
130,Myco_1674,57256
131,Myco_1675,61208
132,Myco_1672,75114
133,Myco_1673,68016
134,Myco_1670,68405
135,Myco_1671,50799
136,Myco_1405,47780
137,Myco_1404,68467
138,Myco_1568,52772
139,Myco_1569,59346
140,Myco_1560,55470
141,Myco_360,41902
142,Myco_361,59707
143,Myco_362,59798
144,Myco_363,50827
145,Myco_364,76129
146,Myco_365,68521
147,Myco_366,53256
148,Myco_367,50965
149,Myco_368,48484
150,Myco_369,68869
151,Myco_1408,67687
152,Myco_1416,67480
153,Myco_650,51370
154,Myco_1414,156288
155,Myco_1415,68603
156,Myco_768,45969
157,Myco_769,45969
158,Myco_1410,69239
159,Myco_651,57155
160,Myco_764,155784
161,Myco_765,51374
162,Myco_766,50341
163,Myco_767,57990
164,Myco_760,60908
165,Myco_761,50575
166,Myco_762,53215
167,Myco_763,53163
168,Myco_653,75528
169,Myco_654,111740
170,Myco_655,52390
171,Myco_504,155700
172,Myco_505,60727
173,Myco_506,155445
174,Myco_507,52497
175,Myco_500,51386
176,Myco_501,64877
177,Myco_502,153243
178,Myco_503,51374
179,Myco_657,58731
180,Myco_508,69139
181,Myco_509,53597
182,Myco_1308,54468
183,Myco_1309,52576
184,Myco_1302,61147
185,Myco_1303,69085
186,Myco_1300,51486
187,Myco_1301,155256
188,Myco_1306,68318
189,Myco_1307,64787
190,Myco_1304,41722
191,Myco_1305,155586
192,Myco_162,52078
193,Myco_163,59308
194,Myco_160,68196
195,Myco_161,52250
196,Myco_166,72810
197,Myco_167,51646
198,Myco_164,52181
199,Myco_165,53442
200,Myco_168,56454
201,Myco_169,64592
202,Myco_218,81128
203,Myco_219,53032
204,Myco_210,67491
205,Myco_211,53171
206,Myco_212,41901
207,Myco_213,41893
208,Myco_214,153796
209,Myco_215,154434
210,Myco_216,76652
211,Myco_217,50843
212,Myco_188,51800
213,Myco_189,52288
214,Myco_180,70668
215,Myco_181,68865
216,Myco_182,64824
217,Myco_183,155713
218,Myco_184,51374
219,Myco_185,68714
220,Myco_186,71470
221,Myco_187,58824
222,Myco_1247,56580
223,Myco_1246,70115
224,Myco_1245,49203
225,Myco_1244,76479
226,Myco_1243,57293
227,Myco_1242,69000
228,Myco_1241,76217
229,Myco_1240,56125
230,Myco_1249,68716
231,Myco_1248,68727
232,Myco_1561,52206
233,Myco_980,50087
234,Myco_981,50877
235,Myco_982,50570
236,Myco_983,62153
237,Myco_984,69164
238,Myco_985,53350
239,Myco_986,50882
240,Myco_987,61464
241,Myco_988,65100
242,Myco_989,51854
243,Myco_1643,51223
244,Myco_1642,75423
245,Myco_1641,77876
246,Myco_1640,75933
247,Myco_1647,44716
248,Myco_1646,60311
249,Myco_1645,67349
250,Myco_1644,53008
251,Myco_1649,53565
252,Myco_1648,154512
253,Myco_405,68637
254,Myco_404,156199
255,Myco_407,50770
256,Myco_406,51373
257,Myco_401,155127
258,Myco_400,53746
259,Myco_403,57437
260,Myco_402,64963
261,Myco_1794,157204
262,Myco_1791,41901
263,Myco_1790,51182
264,Myco_1793,52499
265,Myco_1792,69271
266,Myco_373,49127
267,Myco_372,49136
268,Myco_371,75075
269,Myco_370,61222
270,Myco_377,68492
271,Myco_376,155034
272,Myco_375,58043
273,Myco_374,54858
274,Myco_379,49750
275,Myco_378,50841
276,Myco_1429,67304
277,Myco_1428,57775
278,Myco_1423,69279
279,Myco_1422,51365
280,Myco_1421,52357
281,Myco_1420,57726
282,Myco_1427,72658
283,Myco_1426,57858
284,Myco_1425,52364
285,Myco_1424,52601
286,Myco_779,44306
287,Myco_778,71058
288,Myco_777,65404
289,Myco_776,58962
290,Myco_775,74914
291,Myco_774,50679
292,Myco_773,59626
293,Myco_772,68777
294,Myco_771,68750
295,Myco_770,50877
296,Myco_517,51083
297,Myco_516,75960
298,Myco_515,53014
299,Myco_514,52274
300,Myco_513,155005
301,Myco_512,53935
302,Myco_511,53746
303,Myco_510,76174
304,Myco_519,71807
305,Myco_518,52618
306,Myco_1339,74491
307,Myco_1338,52892
308,Myco_1337,68323
309,Myco_1336,49990
310,Myco_1335,68086
311,Myco_1334,52949
312,Myco_1333,60311
313,Myco_1332,58230
314,Myco_1331,64817
315,Myco_1330,68454
316,Myco_175,51821
317,Myco_174,156514
318,Myco_177,154734
319,Myco_176,58985
320,Myco_171,48984
321,Myco_170,52632
322,Myco_173,53618
323,Myco_172,49601
324,Myco_179,53622
325,Myco_178,77832
326,Myco_209,51202
327,Myco_208,58078
328,Myco_203,51372
329,Myco_202,57889
330,Myco_201,53217
331,Myco_200,48639
332,Myco_207,58037
333,Myco_206,157364
334,Myco_205,80228
335,Myco_204,52528
336,Myco_1258,155959
337,Myco_1259,50414
338,Myco_199,68341
339,Myco_198,60222
340,Myco_1250,49209
341,Myco_1251,51470
342,Myco_191,50864
343,Myco_190,51052
344,Myco_197,50400
345,Myco_196,68102
346,Myco_1256,41901
347,Myco_1257,49756
348,Myco_993,69323
349,Myco_992,69082
350,Myco_991,76413
351,Myco_990,51469
352,Myco_997,51371
353,Myco_996,75215
354,Myco_995,51372
355,Myco_994,58074
356,Myco_999,51521
357,Myco_998,52502
358,Myco_456,75736
359,Myco_457,68866
360,Myco_1695,52481
361,Myco_652,71376
362,Myco_656,76859
363,Myco_1654,68798
364,Myco_1655,53300
365,Myco_1656,76944
366,Myco_1657,53169
367,Myco_1650,53526
368,Myco_1651,64618
369,Myco_1652,52102
370,Myco_1653,51407
371,Myco_1658,51161
372,Myco_1659,58692
373,Myco_1001,154462
374,Myco_1000,68929
375,Myco_1003,68890
376,Myco_1002,56443
377,Myco_1005,51368
378,Myco_871,53141
379,Myco_1786,48229
380,Myco_1787,53598
381,Myco_1784,52320
382,Myco_1785,58079
383,Myco_1782,71726
384,Myco_1007,154780
385,Myco_1780,111740
386,Myco_1781,71092
387,Myco_1006,60579
388,Myco_1788,48056
389,Myco_1789,57315
390,Myco_694,53426
391,Myco_695,70667
392,Myco_696,41903
393,Myco_697,51376
394,Myco_690,50455
395,Myco_691,41901
396,Myco_692,75586
397,Myco_693,68171
398,Myco_698,67993
399,Myco_699,76323
400,Myco_348,69777
401,Myco_349,56391
402,Myco_1438,68650
403,Myco_1439,58351
404,Myco_1434,69448
405,Myco_1435,49228
406,Myco_1436,156610
407,Myco_1437,51333
408,Myco_1430,51377
409,Myco_1431,50855
410,Myco_1432,50883
411,Myco_1433,51482
412,Myco_742,68546
413,Myco_743,52411
414,Myco_740,68311
415,Myco_741,51576
416,Myco_746,59617
417,Myco_747,41278
418,Myco_744,68341
419,Myco_745,70841
420,Myco_748,41901
421,Myco_749,70883
422,Myco_1558,69641
423,Myco_1320,68367
424,Myco_1321,55094
425,Myco_1322,109575
426,Myco_1323,76312
427,Myco_1324,50886
428,Myco_1325,68327
429,Myco_1326,109901
430,Myco_1327,53395
431,Myco_1328,70110
432,Myco_1329,51633
433,Myco_238,51273
434,Myco_239,48822
435,Myco_236,51304
436,Myco_237,49937
437,Myco_234,69174
438,Myco_235,76688
439,Myco_232,57647
440,Myco_233,51397
441,Myco_230,47618
442,Myco_231,57666
443,Myco_1229,68090
444,Myco_1228,53300
445,Myco_1225,164254
446,Myco_1224,52874
447,Myco_1227,53598
448,Myco_1226,51373
449,Myco_1221,51121
450,Myco_1220,49531
451,Myco_1223,50840
452,Myco_1222,68999
453,Myco_528,52462
454,Myco_529,59306
455,Myco_522,49190
456,Myco_523,52157
457,Myco_520,60228
458,Myco_521,68569
459,Myco_526,50877
460,Myco_527,47735
461,Myco_524,67503
462,Myco_525,53449
463,Myco_1131,58009
464,Myco_1130,54857
465,Myco_1133,50079
466,Myco_1132,51672
467,Myco_1135,151100
468,Myco_1134,51483
469,Myco_1137,58102
470,Myco_1136,50078
471,Myco_1139,51374
472,Myco_1138,155550
473,Myco_838,64827
474,Myco_839,68043
475,Myco_830,56826
476,Myco_831,75829
477,Myco_832,50283
478,Myco_833,53746
479,Myco_834,57386
480,Myco_835,51365
481,Myco_836,60300
482,Myco_837,69537
483,Myco_1620,53278
484,Myco_1626,51367
485,Myco_687,59708
486,Myco_686,48502
487,Myco_685,51162
488,Myco_684,67044
489,Myco_683,113067
490,Myco_682,68083
491,Myco_681,52617
492,Myco_680,68821
493,Myco_689,75267
494,Myco_688,50061
495,Myco_1783,43344
496,Myco_755,45580
497,Myco_754,52169
498,Myco_757,52466
499,Myco_756,59708
500,Myco_751,50968
501,Myco_750,68673
502,Myco_753,51367
503,Myco_752,59749
504,Myco_1687,66887
505,Myco_1686,64911
506,Myco_1685,53370
507,Myco_1684,154553
508,Myco_759,50877
509,Myco_758,48963
510,Myco_1681,68398
511,Myco_1680,52608
512,Myco_1355,67188
513,Myco_1354,50066
514,Myco_1357,154861
515,Myco_1356,42430
516,Myco_1351,57526
517,Myco_1350,70992
518,Myco_1353,59719
519,Myco_1352,58671
520,Myco_1359,65380
521,Myco_1358,52009
522,Myco_359,72217
523,Myco_358,52963
524,Myco_351,68685
525,Myco_350,55422
526,Myco_353,78229
527,Myco_352,53325
528,Myco_355,110569
529,Myco_354,68978
530,Myco_357,69263
531,Myco_356,76991
532,Myco_221,70183
533,Myco_220,54751
534,Myco_223,71214
535,Myco_222,51374
536,Myco_225,41901
537,Myco_224,67497
538,Myco_227,51374
539,Myco_226,74210
540,Myco_229,53003
541,Myco_228,47057
542,Myco_1238,68040
543,Myco_1239,75779
544,Myco_1236,57989
545,Myco_1237,50346
546,Myco_1234,59699
547,Myco_1235,50101
548,Myco_1232,68515
549,Myco_1233,42454
550,Myco_1230,75685
551,Myco_1231,48213
552,Myco_539,45680
553,Myco_538,53028
554,Myco_535,58166
555,Myco_534,71341
556,Myco_537,53348
557,Myco_536,76217
558,Myco_531,77031
559,Myco_530,58150
560,Myco_533,58076
561,Myco_532,75632
562,Myco_346,70654
563,Myco_347,64931
564,Myco_344,51215
565,Myco_345,76340
566,Myco_342,110169
567,Myco_343,74533
568,Myco_1122,75822
569,Myco_1123,52944
570,Myco_1120,62293
571,Myco_1121,70413
572,Myco_1126,60989
573,Myco_1127,71752
574,Myco_1124,69904
575,Myco_1125,110439
576,Myco_1128,55767
577,Myco_1129,76435
578,Myco_829,51163
579,Myco_828,48916
580,Myco_823,53549
581,Myco_822,41988
582,Myco_821,61251
583,Myco_820,60190
584,Myco_827,68839
585,Myco_826,67406
586,Myco_825,155251
587,Myco_824,51365
588,Myco_1535,156374
589,Myco_1534,68568
590,Myco_1539,59709
591,Myco_1538,58604
592,Myco_113,57054
593,Myco_112,41901
594,Myco_111,45389
595,Myco_110,51366
596,Myco_117,51383
597,Myco_116,48420
598,Myco_1690,54314
599,Myco_1691,50062
600,Myco_1692,68718
601,Myco_1693,56147
602,Myco_1694,72139
603,Myco_115,76377
604,Myco_1696,68682
605,Myco_1697,64570
606,Myco_1698,68494
607,Myco_1699,68873
608,Myco_114,42595
609,Myco_788,59837
610,Myco_789,155116
611,Myco_786,48502
612,Myco_787,51319
613,Myco_784,53366
614,Myco_785,53366
615,Myco_782,52234
616,Myco_783,52347
617,Myco_780,41904
618,Myco_781,51366
619,Myco_1346,52732
620,Myco_1347,68650
621,Myco_1344,153772
622,Myco_1345,52911
623,Myco_1342,50513
624,Myco_1343,48596
625,Myco_1340,50084
626,Myco_1341,42595
627,Myco_1348,53348
628,Myco_1349,48053
629,Myco_328,68875
630,Myco_329,57693
631,Myco_324,72055
632,Myco_325,41456
633,Myco_326,55727
634,Myco_327,52873
635,Myco_320,51679
636,Myco_321,51393
637,Myco_322,75931
638,Myco_323,51372
639,Myco_254,56669
640,Myco_255,154918
641,Myco_256,75603
642,Myco_257,48222
643,Myco_250,156102
644,Myco_251,50913
645,Myco_252,53123
646,Myco_253,54685
647,Myco_258,52659
648,Myco_259,51374
649,Myco_1203,70506
650,Myco_1202,75675
651,Myco_1201,43700
652,Myco_1200,155006
653,Myco_1207,64494
654,Myco_1206,52057
655,Myco_1205,54611
656,Myco_1204,155470
657,Myco_1209,61041
658,Myco_1208,51376
659,Myco_1448,55832
660,Myco_1117,53455
661,Myco_1116,42597
662,Myco_1115,51372
663,Myco_1114,72790
664,Myco_1113,50535
665,Myco_1112,46263
666,Myco_1111,51412
667,Myco_1110,85613
668,Myco_598,55765
669,Myco_1119,51355
670,Myco_1118,68598
671,Myco_1441,60526
672,Myco_1440,75307
673,Myco_1443,53701
674,Myco_1442,59540
675,Myco_1445,55094
676,Myco_592,68547
677,Myco_1447,156554
678,Myco_1446,68318
679,Myco_818,56502
680,Myco_819,52753
681,Myco_816,155680
682,Myco_817,69085
683,Myco_814,52160
684,Myco_815,53572
685,Myco_812,51274
686,Myco_813,70838
687,Myco_810,41890
688,Myco_811,111628
689,Myco_1593,75359
690,Myco_1592,61145
691,Myco_1591,50877
692,Myco_1590,51409
693,Myco_1597,74896
694,Myco_1596,155389
695,Myco_1595,56275
696,Myco_1594,57742
697,Myco_1599,76169
698,Myco_1598,47094
699,Myco_1751,61027
700,Myco_1750,52907
701,Myco_1753,48540
702,Myco_1752,76915
703,Myco_1755,73697
704,Myco_1754,68482
705,Myco_1757,111437
706,Myco_1756,53277
707,Myco_1759,68719
708,Myco_1758,52123
709,Myco_791,56726
710,Myco_790,52967
711,Myco_793,58071
712,Myco_792,113075
713,Myco_795,50898
714,Myco_794,154933
715,Myco_797,69031
716,Myco_796,75952
717,Myco_799,110713
718,Myco_798,68953
719,Myco_1379,53594
720,Myco_1378,53332
721,Myco_1373,51235
722,Myco_1372,40580
723,Myco_1371,49412
724,Myco_1370,42382
725,Myco_1377,64827
726,Myco_1376,108297
727,Myco_1375,68985
728,Myco_1374,42594
729,Myco_1579,68980
730,Myco_1578,52298
731,Myco_1571,68888
732,Myco_1570,109799
733,Myco_1573,53184
734,Myco_1572,58930
735,Myco_1575,49717
736,Myco_1574,41896
737,Myco_1577,51822
738,Myco_1576,68735
739,Myco_339,51371
740,Myco_338,53287
741,Myco_337,69129
742,Myco_336,51369
743,Myco_335,76025
744,Myco_334,158508
745,Myco_333,61395
746,Myco_332,67774
747,Myco_331,67481
748,Myco_330,51376
749,Myco_247,50897
750,Myco_246,49420
751,Myco_245,41491
752,Myco_244,64562
753,Myco_243,39184
754,Myco_242,58098
755,Myco_241,155885
756,Myco_240,51371
757,Myco_249,50550
758,Myco_248,59419
759,Myco_1214,50884
760,Myco_1215,50515
761,Myco_1216,53142
762,Myco_1217,51366
763,Myco_1210,41876
764,Myco_1211,59711
765,Myco_1212,80955
766,Myco_1213,64554
767,Myco_1218,51703
768,Myco_1219,75842
769,Myco_19,73639
770,Myco_18,52668
771,Myco_17,51793
772,Myco_16,51433
773,Myco_15,47343
774,Myco_14,69864
775,Myco_13,68850
776,Myco_12,68803
777,Myco_11,52530
778,Myco_10,68634
779,Myco_1108,48870
780,Myco_1109,52383
781,Myco_1100,53581
782,Myco_1101,42393
783,Myco_1102,49127
784,Myco_1103,75894
785,Myco_1104,82676
786,Myco_1105,154072
787,Myco_1106,156646
788,Myco_1107,52920
789,Myco_9,51381
790,Myco_8,76131
791,Myco_7,51281
792,Myco_6,53225
793,Myco_5,71565
794,Myco_4,53396
795,Myco_3,71565
796,Myco_2,50781
797,Myco_1,74483
798,Myco_0,53124
799,Myco_801,50571
800,Myco_800,49943
801,Myco_803,68633
802,Myco_802,53330
803,Myco_805,156360
804,Myco_804,51378
805,Myco_807,52539
806,Myco_806,64596
807,Myco_809,41901
808,Myco_808,75453
809,Myco_340,52953
810,Myco_341,50755
811,Myco_845,68480
812,Myco_1031,75796
813,Myco_847,54118
814,Myco_846,68138
815,Myco_841,62558
816,Myco_840,52009
817,Myco_843,112329
818,Myco_842,49894
819,Myco_1769,68983
820,Myco_1584,68133
821,Myco_1585,44205
822,Myco_1586,60973
823,Myco_1587,58390
824,Myco_1580,67324
825,Myco_1581,59556
826,Myco_1582,41077
827,Myco_1417,68056
828,Myco_1588,49097
829,Myco_1589,51143
830,Myco_1742,48724
831,Myco_1743,74010
832,Myco_1740,51029
833,Myco_1741,50797
834,Myco_1746,51306
835,Myco_1747,42395
836,Myco_1744,49808
837,Myco_1745,68493
838,Myco_1412,42596
839,Myco_1748,43698
840,Myco_1749,55617
841,Myco_1413,51502
842,Myco_1559,47915
843,Myco_1411,51370
844,Myco_1553,51591
845,Myco_1552,52785
846,Myco_1418,57356
847,Myco_1419,41491
848,Myco_315,68249
849,Myco_642,68296
850,Myco_641,54986
851,Myco_316,50836
852,Myco_311,74970
853,Myco_310,68506
854,Myco_645,112351
855,Myco_644,73871
856,Myco_1368,59687
857,Myco_1369,70841
858,Myco_1364,75706
859,Myco_1365,59462
860,Myco_1366,58578
861,Myco_1367,59925
862,Myco_1360,68670
863,Myco_1361,52816
864,Myco_1362,155955
865,Myco_1363,52843
866,Myco_492,59052
867,Myco_493,50884
868,Myco_490,54687
869,Myco_491,78536
870,Myco_496,155565
871,Myco_497,68472
872,Myco_494,58678
873,Myco_495,53042
874,Myco_1562,68669
875,Myco_1563,153369
876,Myco_498,51702
877,Myco_499,113536
878,Myco_1566,52656
879,Myco_1567,52686
880,Myco_1564,68262
881,Myco_1565,59873
882,Myco_302,57253
883,Myco_303,68503
884,Myco_300,57050
885,Myco_301,56275
886,Myco_306,154397
887,Myco_307,69044
888,Myco_304,41456
889,Myco_305,43575
890,Myco_658,52935
891,Myco_659,68193
892,Myco_308,64529
893,Myco_309,53932
894,Myco_478,52975
895,Myco_479,74969
896,Myco_470,63344
897,Myco_471,61284
898,Myco_472,52946
899,Myco_473,53748
900,Myco_474,58150
901,Myco_475,111924
902,Myco_476,61772
903,Myco_477,59482
904,Myco_1765,155582
905,Myco_1179,68427
906,Myco_1178,68674
907,Myco_1175,67401
908,Myco_1174,68735
909,Myco_1177,52147
910,Myco_1176,109270
911,Myco_1171,69197
912,Myco_1170,61511
913,Myco_1173,51745
914,Myco_1172,71419
915,Myco_278,68508
916,Myco_279,41901
917,Myco_272,51220
918,Myco_273,67952
919,Myco_270,57328
920,Myco_271,43680
921,Myco_276,153766
922,Myco_277,47074
923,Myco_274,53411
924,Myco_275,72108
925,Myco_874,47087
926,Myco_875,52967
927,Myco_876,62991
928,Myco_877,68576
929,Myco_870,68637
930,Myco_1004,51384
931,Myco_872,50042
932,Myco_873,53255
933,Myco_1009,48783
934,Myco_1008,69009
935,Myco_878,60934
936,Myco_879,55149
937,Myco_908,71552
938,Myco_909,58136
939,Myco_900,156804
940,Myco_901,76260
941,Myco_902,65106
942,Myco_903,75440
943,Myco_904,53746
944,Myco_905,81071
945,Myco_906,50841
946,Myco_907,75360
947,Myco_1444,73495
948,Myco_1777,53828
949,Myco_1776,59969
950,Myco_1775,74365
951,Myco_1774,55307
952,Myco_1773,154764
953,Myco_1772,69653
954,Myco_1771,76363
955,Myco_1770,52122
956,Myco_1779,68939
957,Myco_1778,155292
958,Myco_1489,71343
959,Myco_1488,154471
960,Myco_1485,51809
961,Myco_1484,67880
962,Myco_1487,76133
963,Myco_1486,156606
964,Myco_1481,52431
965,Myco_1480,59315
966,Myco_1483,52927
967,Myco_1482,61081
968,Myco_1391,52522
969,Myco_1390,67411
970,Myco_1393,69819
971,Myco_1392,46739
972,Myco_1395,68831
973,Myco_1394,50844
974,Myco_1397,52018
975,Myco_1396,75660
976,Myco_1399,69026
977,Myco_1398,71199
978,Myco_485,56418
979,Myco_484,157365
980,Myco_487,57155
981,Myco_486,75295
982,Myco_481,51505
983,Myco_480,74675
984,Myco_483,69027
985,Myco_482,60310
986,Myco_1557,48815
987,Myco_1556,52669
988,Myco_1555,156080
989,Myco_1554,53420
990,Myco_489,155601
991,Myco_488,68428
992,Myco_1551,74731
993,Myco_1550,59357
994,Myco_643,68415
995,Myco_314,70428
996,Myco_317,71059
997,Myco_640,68004
998,Myco_647,68584
999,Myco_646,42289
1000,Myco_313,62067
1001,Myco_312,76145
1002,Myco_649,61812
1003,Myco_648,51889
1004,Myco_319,51575
1005,Myco_318,51287
1006,Myco_469,51492
1007,Myco_468,53159
1008,Myco_463,51436
1009,Myco_462,52974
1010,Myco_461,77566
1011,Myco_460,50628
1012,Myco_467,52152
1013,Myco_466,75598
1014,Myco_465,51366
1015,Myco_464,67391
1016,Myco_39,57734
1017,Myco_38,51372
1018,Myco_31,44333
1019,Myco_30,50503
1020,Myco_33,48850
1021,Myco_32,50866
1022,Myco_35,49516
1023,Myco_34,51241
1024,Myco_37,72109
1025,Myco_36,68711
1026,Myco_1168,58297
1027,Myco_1169,110865
1028,Myco_1166,68792
1029,Myco_1167,50721
1030,Myco_1164,68720
1031,Myco_1165,68740
1032,Myco_1162,57159
1033,Myco_1163,41902
1034,Myco_1160,62661
1035,Myco_1161,50755
1036,Myco_269,59708
1037,Myco_268,68753
1038,Myco_265,41901
1039,Myco_264,51131
1040,Myco_267,160330
1041,Myco_266,71390
1042,Myco_261,155372
1043,Myco_260,60813
1044,Myco_263,68650
1045,Myco_262,45161
1046,Myco_867,50294
1047,Myco_866,51367
1048,Myco_865,68822
1049,Myco_864,68334
1050,Myco_863,70373
1051,Myco_862,52379
1052,Myco_861,51381
1053,Myco_860,48699
1054,Myco_1018,110764
1055,Myco_1019,68494
1056,Myco_869,52297
1057,Myco_868,52145
1058,Myco_919,51178
1059,Myco_918,109086
1060,Myco_913,53153
1061,Myco_912,49798
1062,Myco_911,74969
1063,Myco_910,56167
1064,Myco_917,50690
1065,Myco_916,51373
1066,Myco_915,153882
1067,Myco_914,60053
1068,Myco_1768,60757
1069,Myco_1012,51369
1070,Myco_1013,43511
1071,Myco_1760,58714
1072,Myco_1761,68608
1073,Myco_1762,75896
1074,Myco_1763,156223
1075,Myco_1764,59504
1076,Myco_1010,54356
1077,Myco_1766,62192
1078,Myco_1767,70214
1079,Myco_1011,154855
1080,Myco_1016,51854
1081,Myco_1017,50891
1082,Myco_1014,44877
1083,Myco_1015,68774
1084,Myco_1498,68311
1085,Myco_1499,43243
1086,Myco_1496,42594
1087,Myco_1497,50210
1088,Myco_1494,154529
1089,Myco_1495,155714
1090,Myco_1492,48670
1091,Myco_1493,68355
1092,Myco_1490,154859
1093,Myco_1491,59794
1094,Myco_1382,50832
1095,Myco_1383,41901
1096,Myco_1380,82356
1097,Myco_1381,51368
1098,Myco_1386,70120
1099,Myco_1387,54601
1100,Myco_1384,41879
1101,Myco_1385,58078
1102,Myco_1388,53044
1103,Myco_1389,83724
1104,Myco_1475,59016
1105,Myco_1540,41278
1106,Myco_1541,55735
1107,Myco_1542,156060
1108,Myco_1543,154906
1109,Myco_1544,52551
1110,Myco_1545,68596
1111,Myco_1546,68325
1112,Myco_1547,110240
1113,Myco_1548,60285
1114,Myco_1549,50856
1115,Myco_676,68675
1116,Myco_677,68405
1117,Myco_674,50892
1118,Myco_675,53147
1119,Myco_672,69033
1120,Myco_673,51546
1121,Myco_670,64794
1122,Myco_671,76049
1123,Myco_678,52359
1124,Myco_679,53746
1125,Myco_100,59556
1126,Myco_101,52955
1127,Myco_102,154553
1128,Myco_103,68662
1129,Myco_104,155205
1130,Myco_105,48545
1131,Myco_106,154466
1132,Myco_107,73721
1133,Myco_108,54470
1134,Myco_109,51637
1135,Myco_454,111970
1136,Myco_455,53970
1137,Myco_452,52917
1138,Myco_453,68885
1139,Myco_450,50280
1140,Myco_451,68235
1141,Myco_26,60031
1142,Myco_27,52519
1143,Myco_24,155007
1144,Myco_25,75208
1145,Myco_22,59646
1146,Myco_23,64511
1147,Myco_20,59812
1148,Myco_21,51703
1149,Myco_28,53684
1150,Myco_29,51737
1151,Myco_588,65237
1152,Myco_589,53035
1153,Myco_584,76012
1154,Myco_585,80309
1155,Myco_586,68866
1156,Myco_587,76351
1157,Myco_580,57861
1158,Myco_581,54125
1159,Myco_582,54974
1160,Myco_583,59719
1161,Myco_1153,58069
1162,Myco_1152,69021
1163,Myco_1151,53790
1164,Myco_1150,51797
1165,Myco_1157,56867
1166,Myco_1156,58617
1167,Myco_1155,52807
1168,Myco_1154,41880
1169,Myco_1159,50072
1170,Myco_1158,51412
1171,Myco_290,57697
1172,Myco_291,69451
1173,Myco_292,52991
1174,Myco_293,154283
1175,Myco_294,155886
1176,Myco_295,43036
1177,Myco_296,68604
1178,Myco_297,52596
1179,Myco_298,52901
1180,Myco_299,59471
1181,Myco_858,60321
1182,Myco_859,76075
1183,Myco_852,53058
1184,Myco_853,51407
1185,Myco_850,68952
1186,Myco_851,75811
1187,Myco_856,58701
1188,Myco_857,51236
1189,Myco_854,62738
1190,Myco_855,71670
1191,Myco_1027,76653
1192,Myco_1026,67768
1193,Myco_1025,51881
1194,Myco_1024,155916
1195,Myco_1023,51215
1196,Myco_1022,50864
1197,Myco_1021,51527
1198,Myco_1020,42240
1199,Myco_1029,51374
1200,Myco_1028,58106
1201,Myco_928,51478
1202,Myco_929,51008
1203,Myco_926,76492
1204,Myco_927,154593
1205,Myco_924,58472
1206,Myco_925,56852
1207,Myco_922,67496
1208,Myco_923,58423
1209,Myco_920,64834
1210,Myco_921,155800
1211,Myco_1631,74707
1212,Myco_1719,71436
1213,Myco_1718,59230
1214,Myco_1715,50965
1215,Myco_1714,61248
1216,Myco_1717,53746
1217,Myco_1716,50841
1218,Myco_1711,109960
1219,Myco_1710,74392
1220,Myco_1713,68866
1221,Myco_1712,51366
1222,Myco_1621,51367
1223,Myco_412,68021
1224,Myco_1623,51402
1225,Myco_1622,67496
1226,Myco_1625,52350
1227,Myco_1624,153817
1228,Myco_1627,52797
1229,Myco_413,54396
1230,Myco_1629,53055
1231,Myco_1628,50413
1232,Myco_1253,43886
1233,Myco_410,67776
1234,Myco_411,68057
1235,Myco_416,58129
1236,Myco_417,52055
1237,Myco_414,51418
1238,Myco_415,58129
1239,Myco_669,50577
1240,Myco_668,68314
1241,Myco_1537,50181
1242,Myco_1536,50989
1243,Myco_1531,56275
1244,Myco_1530,76299
1245,Myco_1533,61164
1246,Myco_1532,63334
1247,Myco_661,68628
1248,Myco_660,67383
1249,Myco_663,67451
1250,Myco_662,50143
1251,Myco_665,53085
1252,Myco_664,59812
1253,Myco_667,50364
1254,Myco_666,57346
1255,Myco_441,53408
1256,Myco_440,51083
1257,Myco_443,50155
1258,Myco_442,52556
1259,Myco_445,70030
1260,Myco_444,60526
1261,Myco_447,51343
1262,Myco_446,156574
1263,Myco_449,156754
1264,Myco_448,60588
1265,Myco_119,51653
1266,Myco_118,50657
1267,Myco_53,54145
1268,Myco_52,60430
1269,Myco_51,62236
1270,Myco_50,56439
1271,Myco_57,60835
1272,Myco_56,51141
1273,Myco_55,51037
1274,Myco_54,61761
1275,Myco_59,52595
1276,Myco_58,43779
1277,Myco_1449,51373
1278,Myco_1063,69431
1279,Myco_599,43697
1280,Myco_897,76734
1281,Myco_597,59818
1282,Myco_596,53399
1283,Myco_595,51578
1284,Myco_594,61626
1285,Myco_593,80123
1286,Myco_894,50486
1287,Myco_591,50574
1288,Myco_590,75649
1289,Myco_1060,51294
1290,Myco_1067,65243
1291,Myco_1066,74533
1292,Myco_1065,68488
1293,Myco_1064,68878
1294,Myco_1144,69439
1295,Myco_1145,155943
1296,Myco_1146,68607
1297,Myco_1147,56439
1298,Myco_1140,74655
1299,Myco_1141,51376
1300,Myco_1142,52441
1301,Myco_1143,65108
1302,Myco_1148,51250
1303,Myco_1149,69099
1304,Myco_283,53636
1305,Myco_282,60656
1306,Myco_281,51412
1307,Myco_280,53001
1308,Myco_287,68450
1309,Myco_286,49421
1310,Myco_285,68668
1311,Myco_284,51809
1312,Myco_289,41903
1313,Myco_288,51811
1314,Myco_1038,76169
1315,Myco_1039,57455
1316,Myco_849,52879
1317,Myco_848,155759
1318,Myco_1030,58211
1319,Myco_844,68596
1320,Myco_1032,109871
1321,Myco_1033,75793
1322,Myco_1034,70064
1323,Myco_1035,58027
1324,Myco_1036,59268
1325,Myco_1037,51300
1326,Myco_931,156412
1327,Myco_930,71111
1328,Myco_933,53186
1329,Myco_932,75816
1330,Myco_935,52394
1331,Myco_934,68804
1332,Myco_937,51373
1333,Myco_936,53852
1334,Myco_939,50899
1335,Myco_938,53486
1336,Myco_1522,42429
1337,Myco_1523,75626
1338,Myco_1689,59734
1339,Myco_1688,51141
1340,Myco_1683,68560
1341,Myco_1682,62466
1342,Myco_1528,50891
1343,Myco_1529,67744
1344,Myco_1708,155299
1345,Myco_1709,51094
1346,Myco_1706,70963
1347,Myco_1707,68821
1348,Myco_1704,54513
1349,Myco_1705,64529
1350,Myco_1702,71722
1351,Myco_1703,68346
1352,Myco_1700,50963
1353,Myco_1701,52155
1354,Myco_126,75679
1355,Myco_127,70270
1356,Myco_124,69030
1357,Myco_1632,52876
1358,Myco_1633,68880
1359,Myco_1630,50066
1360,Myco_125,51274
1361,Myco_1636,57455
1362,Myco_1637,47881
1363,Myco_1634,160985
1364,Myco_1635,52044
1365,Myco_122,52129
1366,Myco_1638,49658
1367,Myco_1639,154584
1368,Myco_123,155658
1369,Myco_120,51308
1370,Myco_121,53793
1371,Myco_1526,68068
1372,Myco_1527,68306
1373,Myco_1524,50293
1374,Myco_1525,49487
1375,Myco_618,75129
1376,Myco_619,50645
1377,Myco_1520,53051
1378,Myco_1521,52220
1379,Myco_614,76483
1380,Myco_615,75728
1381,Myco_616,41903
1382,Myco_617,53623
1383,Myco_610,67509
1384,Myco_611,76498
1385,Myco_612,67277
1386,Myco_613,61415
1387,Myco_434,54411
1388,Myco_435,52719
1389,Myco_436,49890
1390,Myco_437,156281
1391,Myco_430,64613
1392,Myco_431,58866
1393,Myco_432,55363
1394,Myco_433,58397
1395,Myco_438,58368
1396,Myco_439,77367
1397,Myco_128,53111
1398,Myco_129,111688
1399,Myco_40,153401
1400,Myco_41,57034
1401,Myco_42,50480
1402,Myco_43,62112
1403,Myco_44,53177
1404,Myco_45,52136
1405,Myco_46,68056
1406,Myco_47,68179
1407,Myco_48,49577
1408,Myco_49,154553
1409,Myco_1458,50693
1410,Myco_1459,56825
1411,Myco_1452,111345
1412,Myco_1453,53355
1413,Myco_1450,62306
1414,Myco_1451,68591
1415,Myco_1456,71651
1416,Myco_1457,68432
1417,Myco_1454,41441
1418,Myco_1455,43700
1419,Myco_720,155217
1420,Myco_721,59708
1421,Myco_722,156221
1422,Myco_723,57052
1423,Myco_724,156068
1424,Myco_725,81036
1425,Myco_726,51637
1426,Myco_727,58575
1427,Myco_728,53467
1428,Myco_729,68839
1429,Myco_548,154456
1430,Myco_549,68716
1431,Myco_540,47109
1432,Myco_541,152593
1433,Myco_542,44576
1434,Myco_543,52858
1435,Myco_544,57663
1436,Myco_545,52593
1437,Myco_546,51371
1438,Myco_547,59416
1439,Myco_1049,75844
1440,Myco_1048,46535
1441,Myco_1045,70937
1442,Myco_1044,57754
1443,Myco_1047,57895
1444,Myco_1046,68493
1445,Myco_1041,54464
1446,Myco_1040,48504
1447,Myco_1043,75808
1448,Myco_1042,50263
1449,Myco_1289,156758
1450,Myco_1288,50610
1451,Myco_1283,68390
1452,Myco_1282,68992
1453,Myco_1281,156471
1454,Myco_1280,59905
1455,Myco_1287,44842
1456,Myco_1286,49593
1457,Myco_1285,68938
1458,Myco_1284,153184
1459,Myco_944,108627
1460,Myco_945,68075
1461,Myco_946,52987
1462,Myco_947,50878
1463,Myco_940,44145
1464,Myco_941,154349
1465,Myco_942,53387
1466,Myco_943,52626
1467,Myco_948,157034
1468,Myco_949,68056
1469,Myco_1199,50614
1470,Myco_1198,70657
1471,Myco_1197,51159
1472,Myco_1196,52501
1473,Myco_1195,75640
1474,Myco_1194,61535
1475,Myco_1193,43516
1476,Myco_1192,50080
1477,Myco_1191,51369
1478,Myco_1190,42311
1479,Myco_1733,50907
1480,Myco_1732,51308
1481,Myco_1731,75806
1482,Myco_1730,78296
1483,Myco_1737,58608
1484,Myco_1736,48399
1485,Myco_1735,155476
1486,Myco_1734,74576
1487,Myco_1739,58046
1488,Myco_1738,76653
1489,Myco_1607,56714
1490,Myco_1606,47618
1491,Myco_1605,52055
1492,Myco_1604,51543
1493,Myco_1603,51370
1494,Myco_1602,50081
1495,Myco_1601,64625
1496,Myco_1600,41077
1497,Myco_1609,69471
1498,Myco_1608,106327
1499,Myco_1519,52138
1500,Myco_1518,43700
1501,Myco_1513,54655
1502,Myco_1512,60143
1503,Myco_1511,57256
1504,Myco_1510,68726
1505,Myco_1517,71415
1506,Myco_1516,53134
1507,Myco_1515,52392
1508,Myco_1514,155433
1509,Myco_609,48222
1510,Myco_608,52213
1511,Myco_607,157482
1512,Myco_606,64604
1513,Myco_605,57754
1514,Myco_604,58456
1515,Myco_603,50013
1516,Myco_602,53746
1517,Myco_601,41903
1518,Myco_600,155167
1519,Myco_427,68015
1520,Myco_426,47162
1521,Myco_425,69691
1522,Myco_424,59478
1523,Myco_423,68331
1524,Myco_422,68243
1525,Myco_421,75070
1526,Myco_420,112285
1527,Myco_429,58666
1528,Myco_428,51421
1529,Myco_79,52561
1530,Myco_78,52273
1531,Myco_75,73808
1532,Myco_74,59947
1533,Myco_77,67169
1534,Myco_76,50812
1535,Myco_71,50854
1536,Myco_70,44739
1537,Myco_73,68227
1538,Myco_72,71244
1539,Myco_1469,69867
1540,Myco_1468,71547
1541,Myco_1467,53235
1542,Myco_1466,155286
1543,Myco_1465,57766
1544,Myco_1464,51781
1545,Myco_1463,58618
1546,Myco_1462,67702
1547,Myco_1461,51690
1548,Myco_1460,154017
1549,Myco_733,74937
1550,Myco_732,47287
1551,Myco_731,51910
1552,Myco_730,49968
1553,Myco_737,55213
1554,Myco_736,52462
1555,Myco_735,53261
1556,Myco_734,67570
1557,Myco_739,52715
1558,Myco_738,50530
1559,Myco_559,154543
1560,Myco_558,57036
1561,Myco_553,52695
1562,Myco_552,51050
1563,Myco_551,75248
1564,Myco_550,51370
1565,Myco_557,53936
1566,Myco_556,156926
1567,Myco_555,69660
1568,Myco_554,70679
1569,Myco_139,51374
1570,Myco_138,46484
1571,Myco_131,67366
1572,Myco_130,68514
1573,Myco_133,68296
1574,Myco_132,154722
1575,Myco_135,70797
1576,Myco_134,74594
1577,Myco_137,52643
1578,Myco_136,59672
1579,Myco_1058,68307
1580,Myco_1059,155131
1581,Myco_1056,44492
1582,Myco_1057,52695
1583,Myco_1054,50877
1584,Myco_1055,55178
1585,Myco_1052,154553
1586,Myco_1053,154573
1587,Myco_1050,58461
1588,Myco_1051,75240
1589,Myco_1298,52647
1590,Myco_1299,50006
1591,Myco_1294,52034
1592,Myco_1295,56663
1593,Myco_1296,68328
1594,Myco_1297,43679
1595,Myco_1290,53219
1596,Myco_1291,51376
1597,Myco_1292,69059
1598,Myco_1293,57703
1599,Myco_97,52494
1600,Myco_96,154872
1601,Myco_95,74594
1602,Myco_94,69082
1603,Myco_93,51500
1604,Myco_92,52344
1605,Myco_91,41903
1606,Myco_90,52960
1607,Myco_99,69409
1608,Myco_98,49075
1609,Myco_957,51428
1610,Myco_956,68497
1611,Myco_955,69377
1612,Myco_954,50849
1613,Myco_953,75554
1614,Myco_952,61567
1615,Myco_951,52577
1616,Myco_950,75586
1617,Myco_959,71014
1618,Myco_958,51743
1619,Myco_1180,75101
1620,Myco_1181,62437
1621,Myco_1182,69118
1622,Myco_1183,58338
1623,Myco_1184,56515
1624,Myco_1185,50886
1625,Myco_1186,58554
1626,Myco_1187,52732
1627,Myco_1188,51339
1628,Myco_1189,59905
1629,Myco_1724,42393
1630,Myco_1725,59093
1631,Myco_1726,53040
1632,Myco_1727,76414
1633,Myco_1720,67516
1634,Myco_1721,53167
1635,Myco_1722,53588
1636,Myco_1723,76050
1637,Myco_1728,52122
1638,Myco_1729,51370
1639,Myco_1618,50332
1640,Myco_1619,68355
1641,Myco_1610,68839
1642,Myco_1611,53058
1643,Myco_1612,68992
1644,Myco_1613,113254
1645,Myco_1614,50415
1646,Myco_1615,68408
1647,Myco_1616,63874
1648,Myco_1617,50768
1649,Myco_1508,51365
1650,Myco_1509,53137
1651,Myco_1504,64791
1652,Myco_1505,61882
1653,Myco_1506,56279
1654,Myco_1507,43478
1655,Myco_1500,73210
1656,Myco_1501,75366
1657,Myco_1502,56335
1658,Myco_1503,75973
1659,Myco_632,52195
1660,Myco_633,50849
1661,Myco_630,50883
1662,Myco_631,153739
1663,Myco_636,64807
1664,Myco_637,57387
1665,Myco_634,60974
1666,Myco_635,63153
1667,Myco_638,76315
1668,Myco_639,153460
1669,Myco_388,41901
1670,Myco_389,155951
1671,Myco_382,52850
1672,Myco_383,59708
1673,Myco_380,68245
1674,Myco_381,111843
1675,Myco_386,52651
1676,Myco_387,59652
1677,Myco_384,68386
1678,Myco_385,157568
1679,Myco_68,52202
1680,Myco_69,68573
1681,Myco_62,52380
1682,Myco_63,51141
1683,Myco_60,41441
1684,Myco_61,59598
1685,Myco_66,51418
1686,Myco_67,53545
1687,Myco_64,53253
1688,Myco_65,41893
1689,Myco_1470,68804
1690,Myco_1471,52088
1691,Myco_1472,68884
1692,Myco_1473,145208
1693,Myco_1474,49894
1694,Myco_458,75339
1695,Myco_1476,56439
1696,Myco_1477,51369
1697,Myco_1478,61030
1698,Myco_1479,155596
1699,Myco_459,69815
1700,Myco_706,153714
1701,Myco_707,55600
1702,Myco_704,51393
1703,Myco_705,59905
1704,Myco_702,51106
1705,Myco_703,61318
1706,Myco_700,112884
1707,Myco_701,46896
1708,Myco_708,42596
1709,Myco_709,74169
1710,Myco_568,154658
1711,Myco_569,69476
1712,Myco_566,41901
1713,Myco_567,58471
1714,Myco_564,69191
1715,Myco_565,48149
1716,Myco_562,67494
1717,Myco_563,68415
1718,Myco_560,50053
1719,Myco_561,71184
1720,Myco_418,58899
1721,Myco_419,41880
1722,Myco_148,50884
1723,Myco_149,65529
1724,Myco_144,76734
1725,Myco_145,68418
1726,Myco_146,154061
1727,Myco_147,52295
1728,Myco_140,74997
1729,Myco_141,154283
1730,Myco_142,57737
1731,Myco_143,68509
1732,Myco_896,50671
1733,Myco_1062,69800
1734,Myco_1061,51411
1735,Myco_895,61808
1736,Myco_892,49006
1737,Myco_893,67349
1738,Myco_890,44998
1739,Myco_891,47079
1740,Myco_1069,57278
1741,Myco_1068,41902
1742,Myco_898,51813
1743,Myco_899,41650
1744,Myco_1261,50403
1745,Myco_1260,68527
1746,Myco_1263,114320
1747,Myco_1262,69378
1748,Myco_1265,51263
1749,Myco_1264,53219
1750,Myco_1267,49267
1751,Myco_1266,154874
1752,Myco_1269,68721
1753,Myco_1268,61109
1754,Myco_1583,58550
1755,Myco_84,52141
1756,Myco_85,67436
1757,Myco_86,61547
1758,Myco_87,46732
1759,Myco_80,156558
1760,Myco_81,47409
1761,Myco_82,76271
1762,Myco_83,58569
1763,Myco_88,109801
1764,Myco_89,53365
1765,Myco_968,46869
1766,Myco_969,57802
1767,Myco_962,50828
1768,Myco_963,47612
1769,Myco_960,43642
1770,Myco_961,55945
1771,Myco_966,53377
1772,Myco_967,50839
1773,Myco_964,52496
1774,Myco_965,54301
1775,Myco_1089,51426
1776,Myco_1088,60609
1777,Myco_1081,52428
1778,Myco_1080,68521
1779,Myco_1083,52595
1780,Myco_1082,51468
1781,Myco_1085,68600
1782,Myco_1084,51257
1783,Myco_1087,76179
1784,Myco_1086,77053
1785,Myco_1669,51277
1786,Myco_1668,74429
1787,Myco_1665,156679
1788,Myco_1664,51373
1789,Myco_1667,68637
1790,Myco_1666,75687
1791,Myco_1661,59711
1792,Myco_1660,51094
1793,Myco_1663,68657
1794,Myco_1662,81039
